NA_Sales_Predicted,JP_Sales_Predicted,EU_Sales_Predicted,Other_Sales_Predicted
0.001711268,-0.30631244,-0.52664036,-0.0258338
0.0024499483,-0.31009138,-0.5455467,-0.0012183934
0.0017944165,-0.309245,-0.53684443,-0.016265228
0.0025012083,-0.31365675,-0.55344576,0.0018502921
0.0075409003,-0.32208562,-0.5945255,0.05802767
0.006052632,-0.31016296,-0.55313224,0.01639776
0.0037143417,-0.30884987,-0.53949857,-0.008101359
0.002695877,-0.30748826,-0.5369379,-0.008991137
0.0011275001,-0.31166446,-0.54240185,-0.014252588
0.002707202,-0.31304663,-0.552509,0.0023299605
0.0013882108,-0.30653495,-0.5302133,-0.020029262
0.0055358,-0.3145874,-0.56624824,0.026630953
0.007220287,-0.3120054,-0.5553347,0.014934972
0.0060532875,-0.31618452,-0.5683728,0.025380656
0.013745446,-0.31959325,-0.59572357,0.07374863
0.002564747,-0.31839043,-0.5687835,0.01578246
-0.00083617494,-0.32188427,-0.5700113,0.0031985193
0.0017587133,-0.3132612,-0.55023366,-0.0037310272
0.0033146925,-0.31356573,-0.55304235,0.0019194335
0.0025865026,-0.311055,-0.543951,-0.007879689
0.0033914633,-0.30696797,-0.5340576,-0.0125042945
0.01149996,-0.31153262,-0.56569517,0.04080762
0.006574113,-0.3116129,-0.5578796,0.02113612
0.0018490739,-0.3099826,-0.5426924,-0.007026449
0.013853867,-0.31705576,-0.5871894,0.065902635
0.0029120632,-0.31234843,-0.55146396,0.0028849095
-0.0011618547,-0.3128296,-0.5409451,-0.023029223
0.0064051934,-0.3078835,-0.54783577,0.014261022
0.008169729,-0.31516182,-0.57103324,0.036002472
0.012969572,-0.32516813,-0.61059356,0.083086476
0.006431479,-0.3099988,-0.5489133,0.008669034
0.004257161,-0.30905038,-0.54731923,0.007453665
0.0041871257,-0.31225634,-0.553775,0.008839086
0.0146048255,-0.31507236,-0.58420485,0.06749256
0.002355177,-0.31763405,-0.5629481,0.006554708
0.0039432235,-0.31505495,-0.5616852,0.014489338
-0.0017365627,-0.3177958,-0.5548934,-0.013208404
0.0032729693,-0.3079552,-0.540304,-0.0034667999
0.0036748238,-0.31093132,-0.5472821,7.672608e-05
0.004682619,-0.3076899,-0.5433542,0.0046098083
0.00566848,-0.31141597,-0.5530954,0.011477366
0.014880795,-0.31321156,-0.5815147,0.06897351
0.0037799664,-0.30778462,-0.53480476,-0.013244018
0.007118363,-0.31087732,-0.5556969,0.019753173
0.0033606477,-0.30390048,-0.5338846,-0.00048418343
0.002925355,-0.31779885,-0.5678331,0.016251251
0.0051937886,-0.31864244,-0.57599324,0.031296685
0.0020702071,-0.30899662,-0.5421843,-0.0042853802
0.0019970722,-0.31065947,-0.54164463,-0.011499301
0.013768036,-0.32136655,-0.60013825,0.07627086
0.011714358,-0.3124839,-0.57082254,0.04791136
0.0008412786,-0.30720216,-0.53137714,-0.020542517
0.0037500449,-0.31528986,-0.563057,0.016272023
0.0064439364,-0.31738478,-0.5709015,0.02639477
0.010558683,-0.3218488,-0.5999016,0.07194741
-0.0023723654,-0.32161438,-0.56531304,-0.0064086467
0.00015475228,-0.31756365,-0.55876714,-0.003204003
0.005732376,-0.3113147,-0.5528025,0.011513963
0.0061945505,-0.32199317,-0.5861643,0.040425733
0.0074588247,-0.31822813,-0.5765779,0.03554742
0.0038766451,-0.31225777,-0.5519737,0.0049173683
0.007778663,-0.32024866,-0.5840816,0.043747768
-0.00060687587,-0.3134585,-0.54551315,-0.015668467
-0.0001491718,-0.3136732,-0.54662794,-0.013874665
0.00012208894,-0.312186,-0.5434787,-0.014661327
0.0094075985,-0.31369108,-0.5675836,0.03520058
0.0010399409,-0.31639796,-0.5568279,-0.00228329
0.0070243664,-0.31053156,-0.5532611,0.016081646
0.006955702,-0.31270713,-0.5612383,0.024202332
0.0014662333,-0.30880004,-0.5392265,-0.01001741
0.017306346,-0.31165737,-0.58682686,0.087753296
0.006762225,-0.32009584,-0.5871589,0.04978369
0.006876666,-0.31781143,-0.5751675,0.033896014
-0.0012127571,-0.31304675,-0.5441695,-0.017305687
0.002123434,-0.3089363,-0.5400903,-0.008187041
0.0069536753,-0.3096124,-0.5519238,0.016787574
0.00040819123,-0.3165409,-0.5553091,-0.006324485
0.0039635487,-0.31469774,-0.5611848,0.014775291
-0.00037394091,-0.31085783,-0.5369399,-0.023433194
0.0080775805,-0.3144818,-0.5672331,0.030655399
0.0054162927,-0.31804883,-0.57409483,0.02979453
0.006441433,-0.32047194,-0.5849153,0.04359822
0.0020058937,-0.30882996,-0.53519803,-0.017909989
-0.00040886924,-0.31652516,-0.5565253,-0.004345432
0.0047832318,-0.31236607,-0.5566437,0.014650181
0.0044957586,-0.31638032,-0.5633753,0.01344116
0.00058170035,-0.3086179,-0.53346676,-0.02166067
0.0144735165,-0.31665027,-0.58840996,0.070174485
0.010071475,-0.31650972,-0.58005124,0.050657466
0.005719144,-0.3110026,-0.55056524,0.007875398
0.00120892,-0.3199811,-0.56950676,0.01058279
0.0037328787,-0.30845428,-0.54083216,-0.0038700253
0.009100277,-0.3170823,-0.5782838,0.044311747
-0.0037168078,-0.31673974,-0.5502058,-0.020226046
0.0023897476,-0.32427043,-0.58581686,0.028807566
0.0044116564,-0.32285213,-0.58410233,0.03188856
0.0042041726,-0.30727184,-0.54073113,0.0009241551
0.0035589524,-0.3128789,-0.55096984,0.0004787892
0.0021175332,-0.31043112,-0.54516804,-0.0034523755
0.0024659224,-0.3065706,-0.53471214,-0.0102433115
0.0047906227,-0.32005697,-0.5771502,0.028210893
0.00018413737,-0.31711608,-0.5581276,-0.002849415
0.003920693,-0.3132813,-0.5572706,0.011967227
0.005911786,-0.30062884,-0.5260092,-0.0019900948
0.0083168335,-0.313335,-0.5655361,0.03156261
0.0047934838,-0.31433845,-0.5604004,0.015058234
0.009103794,-0.32271135,-0.59490263,0.05753477
-0.0035965852,-0.3249491,-0.5733143,-0.0031541735
0.0028198548,-0.31543177,-0.55970246,0.008302316
0.0024973936,-0.32868034,-0.59875506,0.039067432
0.0008145161,-0.30969238,-0.5368227,-0.0185868
0.0036738105,-0.30888832,-0.5424729,-0.0022346824
0.0034502335,-0.31394166,-0.55352825,0.0016218275
0.00054426864,-0.31978852,-0.57140917,0.0146731585
-0.0012082867,-0.3172208,-0.553894,-0.012758747
0.01110949,-0.3083775,-0.55846447,0.037407055
0.008674938,-0.31691897,-0.5743299,0.036582515
0.002842266,-0.3172052,-0.56411874,0.010824606
-0.0015799217,-0.31596696,-0.54936844,-0.017653957
0.0019161887,-0.3045653,-0.52803534,-0.016570821
0.0047126003,-0.32430828,-0.59282357,0.04449092
0.0037212558,-0.3077578,-0.53680295,-0.009264454
0.0020478554,-0.3135485,-0.55151206,-0.001992777
0.0014045425,-0.31198448,-0.5465738,-0.00666447
0.01730444,-0.31148088,-0.5866106,0.08790366
0.0028582402,-0.31519783,-0.55742943,0.0045585483
0.002050478,-0.32450378,-0.5862617,0.028624222
0.0031467862,-0.32846493,-0.599196,0.041200057
0.005615253,-0.31046295,-0.5488525,0.0063311607
0.010785777,-0.32133108,-0.5943287,0.06255375
0.015809257,-0.3244177,-0.6182433,0.10332058
-0.0016709976,-0.31128854,-0.5360512,-0.027700081
0.0051808544,-0.31482422,-0.5667395,0.026456937
0.00558557,-0.31023413,-0.5514616,0.0124144405
0.0012602396,-0.30780858,-0.53590477,-0.0131819695
0.001160223,-0.3090846,-0.5368298,-0.016136989
0.0034781285,-0.3152339,-0.5592043,0.008457676
0.0025262423,-0.30551755,-0.53229266,-0.011357233
0.0036099143,-0.3119164,-0.5486892,-0.00070400536
0.010442633,-0.32504457,-0.60740435,0.0753324
0.0048881955,-0.31618845,-0.5716682,0.03127481
0.0031170435,-0.315825,-0.56015617,0.00798963
-0.00078765675,-0.31564546,-0.5515513,-0.011506453
0.0014917441,-0.30922532,-0.53593624,-0.018219069
0.0030226894,-0.3131519,-0.55349046,0.0042016655
0.007362861,-0.31742185,-0.574511,0.03422223
0.0018921681,-0.3127458,-0.55430233,0.0065038055
0.008297402,-0.3078195,-0.55661726,0.03390257
0.01315828,-0.31756514,-0.58629555,0.061601236
0.001416225,-0.30649883,-0.52727634,-0.025887892
0.0064850636,-0.31320184,-0.5610475,0.02182056
0.0056308694,-0.31402707,-0.56153876,0.019206867
0.0055084415,-0.31159443,-0.55243057,0.009370491
0.0024910755,-0.31164587,-0.5515193,0.005386248
0.0018068142,-0.3130446,-0.5470161,-0.009452984
0.004637141,-0.32014573,-0.5763555,0.026174739
-0.0014266185,-0.31238002,-0.5384581,-0.026605502
0.019109625,-0.31655836,-0.6035931,0.10706499
0.0036708303,-0.30737573,-0.5383334,-0.0049921125
0.012996394,-0.32296216,-0.60456926,0.07893565
-0.00016961619,-0.31189913,-0.5422061,-0.016398117
0.009540636,-0.31930518,-0.5860922,0.052372083
0.0044232197,-0.3109334,-0.5518642,0.00989683
0.0010101981,-0.32410735,-0.58121115,0.019113764
-0.00093541667,-0.31186217,-0.5395054,-0.022263631
0.002542872,-0.3092472,-0.54142636,-0.0064451545
0.002451498,-0.3199646,-0.57293594,0.018453375
0.010315318,-0.31236362,-0.5644423,0.034284726
0.001364667,-0.3113631,-0.543651,-0.010145262
0.0038369484,-0.30849397,-0.5447367,0.003963217
0.0044229813,-0.30976248,-0.54590255,0.0028146058
0.003526885,-0.31790775,-0.570687,0.022059008
-0.0027054958,-0.31797594,-0.5545072,-0.015313014
0.0041713305,-0.30650252,-0.5389102,-0.00035806
0.0061124153,-0.31374574,-0.56008977,0.01748921
0.003216941,-0.30494022,-0.5321723,-0.008951113
0.00015648082,-0.31006676,-0.537542,-0.01889129
0.011552829,-0.31932515,-0.5922131,0.066106305
0.0066021867,-0.3082165,-0.5468021,0.011873648
0.0019259043,-0.305193,-0.5310444,-0.013072357
0.007366199,-0.31722498,-0.5751947,0.036341354
0.0026119538,-0.31089282,-0.5427406,-0.009718373
0.0065521784,-0.31014293,-0.5519646,0.014445767
-0.0009040646,-0.31713235,-0.5556007,-0.008759156
0.002125699,-0.3069119,-0.53435546,-0.012472764
0.005355317,-0.31148696,-0.5523284,0.009455249
0.00020154193,-0.31704348,-0.5570515,-0.00475733
0.0019718595,-0.30691206,-0.5334492,-0.014434442
0.0072857924,-0.31654269,-0.5713615,0.030987576
0.00503226,-0.31901753,-0.5746408,0.027069584
0.00042488053,-0.31801212,-0.5612396,0.00036917627
0.0061567016,-0.31476945,-0.56538534,0.024538442
0.0038327165,-0.32025397,-0.57581604,0.024127647
0.0007359572,-0.30872512,-0.53356546,-0.021746114
0.0040183254,-0.31826216,-0.56907064,0.017841503
0.0029491968,-0.31635833,-0.5599567,0.0055893213
0.012456793,-0.31048262,-0.56877846,0.05147858
-0.0010174923,-0.3106802,-0.53786784,-0.021327242
0.004515607,-0.31571913,-0.5643744,0.017895862
0.0033356734,-0.31514353,-0.5581551,0.0065638274
-6.995723e-05,-0.3145522,-0.5497718,-0.010641322
0.0061671324,-0.31323498,-0.562125,0.023745462
0.0036287494,-0.31193167,-0.5477183,-0.002687797
0.0007388182,-0.31589776,-0.5571906,7.854402e-05
0.0020386763,-0.31935692,-0.56839067,0.011089191
0.0031838007,-0.31022048,-0.5415048,-0.009220049
0.0052268095,-0.3128683,-0.5572179,0.014256373
0.0025708266,-0.3149101,-0.55614597,0.002819255
0.0038651414,-0.3178705,-0.5695517,0.020121977
0.004674036,-0.30778772,-0.54031545,-0.0014570802
0.0056754537,-0.31530476,-0.5633951,0.0182188
0.0009162612,-0.31225622,-0.54426986,-0.01275681
0.0026062317,-0.3065039,-0.534629,-0.01017119
0.0043924637,-0.31012213,-0.5449205,-0.0012542158
0.0028636642,-0.32206595,-0.5825451,0.03054972
0.009704191,-0.31369257,-0.5694253,0.039130434
0.0094582625,-0.3186233,-0.5822648,0.047019348
0.0042872615,-0.3108613,-0.5498819,0.00602673
0.002071876,-0.30429596,-0.5246803,-0.020621106
0.0029916354,-0.31740195,-0.5643425,0.010667458
0.0022001453,-0.305395,-0.5322556,-0.01125063
-0.0012137108,-0.3134392,-0.54278594,-0.02154757
0.0012269206,-0.3139254,-0.5513534,-0.004253581
0.0022777505,-0.31044888,-0.5451402,-0.00346677
0.006580014,-0.32308656,-0.58951193,0.04348986
0.002848167,-0.31294125,-0.55425435,0.006345853
0.0027455874,-0.30883384,-0.5398053,-0.0080845505
0.0021682568,-0.30823976,-0.5381585,-0.009590045
-0.0003171377,-0.31568116,-0.55240846,-0.009571239
0.0042438097,-0.30535555,-0.53242457,-0.0076390654
0.001100678,-0.31376302,-0.5492327,-0.008054897
0.005688686,-0.3167764,-0.569334,0.024914369
0.0026335903,-0.3172084,-0.56805915,0.018682197
0.0012244172,-0.3118828,-0.5465485,-0.0065639764
0.004334647,-0.3127762,-0.55159134,0.0025432557
0.0039041825,-0.3176362,-0.5672758,0.016377553
0.0026198216,-0.3104105,-0.54399323,-0.0054060966
0.0016755052,-0.30625397,-0.5326634,-0.013898417
0.00064941123,-0.3136543,-0.54729545,-0.011898473
-1.7564744e-05,-0.315486,-0.55493325,-0.0035224706
0.004228074,-0.3136921,-0.5567778,0.009675935
0.0025233813,-0.3116477,-0.5467389,-0.00441958
0.0020550676,-0.3114155,-0.54656816,-0.0042345673
0.004822094,-0.3086337,-0.54266435,-8.1434846e-05
0.0029965825,-0.30529594,-0.5311562,-0.011407569
0.0032937713,-0.3135311,-0.5549343,0.005876705
0.00057919696,-0.3049546,-0.52531856,-0.024683759
0.0048099346,-0.31804842,-0.57045156,0.021943167
0.0047834106,-0.32188642,-0.5835919,0.03462054
0.0037284084,-0.3178674,-0.5685977,0.018150076
0.008301813,-0.31923282,-0.5825401,0.044573113
0.012684066,-0.31594825,-0.58027714,0.055012003
0.011181135,-0.31133932,-0.566125,0.042801276
0.008326251,-0.31693876,-0.5764092,0.040497884
0.0035043545,-0.3108769,-0.54917073,0.0040417165
0.0039295144,-0.30797285,-0.5382024,-0.0074034184
0.0046587773,-0.31600523,-0.56472623,0.017667636
0.00075228885,-0.3253268,-0.58398944,0.020115748
0.006611187,-0.30526048,-0.5449444,0.018271312
0.005972225,-0.319089,-0.57635844,0.03094028
0.0009937473,-0.30894148,-0.5385973,-0.012100115
0.0018715449,-0.3078959,-0.53964585,-0.0054076463
0.01221152,-0.3133977,-0.5727138,0.049085364
0.00075228885,-0.3253268,-0.58398944,0.020115748
0.0035957284,-0.31761777,-0.566385,0.01442723
0.01580711,-0.3194841,-0.59873646,0.08168641
0.011684258,-0.3271594,-0.6157619,0.08544202
0.0013359375,-0.31066233,-0.5428454,-0.00953199
0.00093956664,-0.31394142,-0.54857236,-0.010160759
0.0018968768,-0.3117013,-0.5450949,-0.008389041
0.0029373951,-0.31005442,-0.54533094,-0.0011910349
0.0030337758,-0.31310004,-0.55151904,0.00032533705
0.004218597,-0.30524504,-0.53496176,-0.003368631
0.0044048615,-0.31498474,-0.56337273,0.018476352
0.005365927,-0.3083701,-0.54389346,0.004005328
0.0038494654,-0.3090104,-0.54159385,-0.0043052286
0.0037718602,-0.30947906,-0.54614353,0.0031827241
0.007678885,-0.31152433,-0.55933183,0.025138244
0.0023609586,-0.3137619,-0.5516984,-0.0021659285
0.009033877,-0.3194149,-0.58739144,0.05425419
0.0048206635,-0.30793822,-0.54555184,0.008329228
0.014919478,-0.32975882,-0.62993133,0.10695197
0.0005989857,-0.31611085,-0.55463755,-0.0059849173
0.008589167,-0.31397885,-0.5673067,0.03301294
0.01851632,-0.32026976,-0.60698086,0.09852211
0.005184848,-0.3073271,-0.545507,0.010767981
0.013598282,-0.32676512,-0.61843175,0.09360948
0.006628711,-0.31102228,-0.5551147,0.017680421
0.003874261,-0.3234098,-0.5860438,0.033416435
0.011458475,-0.32454008,-0.6053812,0.0737624
0.0009721108,-0.30967188,-0.5386313,-0.014655456
0.0020818897,-0.32220846,-0.58011025,0.02454482
0.002333004,-0.3100344,-0.5425969,-0.00707148
0.009883363,-0.3225692,-0.597342,0.06354065
0.0037015863,-0.32133263,-0.58221096,0.033098206
0.0030414648,-0.31462246,-0.55941457,0.010893986
0.0065192766,-0.31796068,-0.5755537,0.033797964
0.0026903935,-0.31700927,-0.56390196,0.010982975
0.0056017227,-0.31772727,-0.57263404,0.02809073
0.0030266829,-0.30429912,-0.5292507,-0.012422845
0.014196176,-0.3273552,-0.6200212,0.09510265
0.004260499,-0.3013156,-0.5231793,-0.012192115
0.00018127635,-0.31546545,-0.5519374,-0.009401873
0.0002742596,-0.31442523,-0.5485081,-0.012507573
0.0029469319,-0.3144729,-0.5562889,0.0051018745
0.0048063584,-0.30720055,-0.53792715,-0.0031423718
0.00055237487,-0.3163272,-0.55784905,-0.00026400387
0.0056373663,-0.31049716,-0.546958,0.002373442
0.0026766844,-0.30612516,-0.5302115,-0.017729178
-0.00011609122,-0.31340158,-0.54620004,-0.013671055
0.0037151165,-0.31435263,-0.5578466,0.009142622
0.0015726276,-0.3100155,-0.5389638,-0.014912531
0.02039488,-0.30858022,-0.5789469,0.089337334
0.0065720864,-0.3019659,-0.5341694,0.00897406
0.0066659637,-0.31476706,-0.56327635,0.020608738
0.005096454,-0.30781394,-0.5422252,0.0024786144
0.006513316,-0.3290943,-0.61054945,0.06427114
0.0043242164,-0.306679,-0.540041,0.0014555007
0.002927322,-0.31605923,-0.56151813,0.009770259
0.0029465742,-0.31046414,-0.54300207,-0.0074110776
0.013528306,-0.3204702,-0.5970256,0.07305212
0.005400259,-0.31435758,-0.56312823,0.020937607
0.0054850765,-0.30899787,-0.55262184,0.019278064
0.0010351129,-0.31096524,-0.5395176,-0.017627224
0.0044465847,-0.3112712,-0.5484679,0.0017706603
0.0023735352,-0.31145126,-0.5465155,-0.004262343
0.0030685253,-0.3107159,-0.5452468,-0.0036816746
0.0030787773,-0.3143198,-0.55611867,0.0052530617
0.0017245598,-0.30981946,-0.5405668,-0.010828599
0.0029159375,-0.31091183,-0.54364425,-0.007765189
0.0009339638,-0.30790132,-0.5342601,-0.017168388
0.0022053309,-0.31326324,-0.5529892,0.0021621734
0.0038352795,-0.31044918,-0.5494434,0.0063510984
0.004900772,-0.3052382,-0.53370064,-0.0053486675
0.010731656,-0.32348478,-0.6031799,0.07263799
0.0051346608,-0.32351702,-0.58770305,0.037257835
0.0063305683,-0.31499964,-0.5637085,0.020422533
0.009480197,-0.31465942,-0.5708584,0.03836347
-0.00013236329,-0.3118422,-0.5401598,-0.020290092
0.00430556,-0.31302762,-0.5529222,0.0043092817
-0.0022674017,-0.31661266,-0.5505056,-0.01816465
0.0012842603,-0.3096398,-0.5375701,-0.01657702
0.0039451905,-0.3118906,-0.55133384,0.0051745623
0.00036164,-0.3107162,-0.5441937,-0.0076144785
0.004009027,-0.30642742,-0.54169184,0.0055742115
0.0009708591,-0.3131014,-0.54931384,-0.005564645
0.003989119,-0.3129723,-0.553885,0.006307915
0.0009734221,-0.3152821,-0.55617243,0.0005413741
0.0002948828,-0.3120247,-0.54319245,-0.0145343095
0.0054307766,-0.31833005,-0.5734709,0.02759014
0.0039542504,-0.30401963,-0.5305583,-0.008247033
0.0030998774,-0.3157013,-0.56192434,0.012018606
0.0024877973,-0.3142283,-0.5523192,-0.0025331825
0.0100284405,-0.31907237,-0.5865689,0.054520234
0.0017757006,-0.30940616,-0.538035,-0.014431074
0.007062871,-0.32274705,-0.59080726,0.047687665
-0.00082109496,-0.31200773,-0.54257464,-0.016483441
0.008740682,-0.3033566,-0.53784853,0.013609484
0.010493357,-0.32124072,-0.59236485,0.058696136
0.003398139,-0.3231603,-0.5868116,0.035578087
0.0016403385,-0.3071636,-0.53295773,-0.016594544
0.014211018,-0.32161456,-0.60415417,0.08391544
0.005750615,-0.3217064,-0.58398235,0.03672622
-0.0011843257,-0.31144798,-0.53514206,-0.029793724
0.008802492,-0.31367135,-0.56485146,0.029320344
0.003422875,-0.31330097,-0.55843216,0.0139182955
0.0020984001,-0.31283164,-0.5504803,-0.0014268309
0.0037377663,-0.30628288,-0.53772604,-0.0021659583
0.0021061487,-0.30669987,-0.5390468,-0.00078995526
0.0019436665,-0.32609642,-0.5894804,0.029319152
0.007911224,-0.3123144,-0.5632714,0.03040813
0.0065710135,-0.3158961,-0.5668199,0.023640618
0.00408544,-0.30951542,-0.5461063,0.0031582564
0.011599619,-0.30857772,-0.5641753,0.048967466
-0.00020639226,-0.31815505,-0.5597188,-0.0036724657
0.0054496713,-0.32896775,-0.60589904,0.05455096
-0.002736967,-0.32016337,-0.56146187,-0.009186998
0.00790878,-0.32403553,-0.5961774,0.054515526
0.005521495,-0.31023598,-0.54938495,0.00842689
0.0015330501,-0.31431687,-0.5517813,-0.0045716316
0.010670502,-0.33183783,-0.62751335,0.09155996
0.004058618,-0.31172162,-0.55213225,0.0073091835
0.0075484104,-0.31335878,-0.56855494,0.037382588
0.0021749325,-0.3159501,-0.55775064,0.0019987375
0.00082911924,-0.31357956,-0.5470998,-0.011849925
0.001821179,-0.31247282,-0.5481399,-0.005070016
0.016440112,-0.3209921,-0.6064488,0.092280746
0.0037217326,-0.3124547,-0.55037934,0.0008353442
0.0018566437,-0.30638576,-0.53554267,-0.008157507
-0.0068979673,-0.32333457,-0.56055415,-0.025444373
0.0038576312,-0.31611288,-0.56417805,0.015618905
0.0038396902,-0.32209992,-0.58130294,0.0285566
0.015771706,-0.3272829,-0.62324566,0.10301225
0.005153019,-0.3033129,-0.5300524,-0.0057510883
0.002921719,-0.32371372,-0.5838906,0.027282938
0.005395431,-0.3038664,-0.5364865,0.005578086
0.0064810105,-0.3162589,-0.57220876,0.033182874
0.0058996864,-0.314534,-0.5612684,0.016864285
0.0026575513,-0.30811417,-0.53782433,-0.009489581
0.004473049,-0.30711037,-0.5377417,-0.0047668368
0.0036864467,-0.3129915,-0.5511462,0.0004094094
0.0070288964,-0.31704676,-0.57793534,0.04237111
0.00011225417,-0.31973404,-0.56666857,0.004900798
0.0024033375,-0.30946022,-0.53887206,-0.012508854
0.0033837743,-0.3091011,-0.53900415,-0.010261968
0.0046471544,-0.30641,-0.5414725,0.005592957
0.0051479526,-0.31179333,-0.55476743,0.01314415
0.0008468218,-0.3187642,-0.5631232,0.0017371923
0.0027864166,-0.31198996,-0.55003583,0.001204595
0.00022526458,-0.32023323,-0.57018703,0.010384157
0.0012512989,-0.3135671,-0.55084145,-0.0039698035
0.0006165691,-0.31379902,-0.5494415,-0.008083895
0.005315859,-0.3213297,-0.5816652,0.03309585
0.00806107,-0.32385892,-0.5968637,0.05662693
0.0037086792,-0.31067878,-0.5459368,-0.001692459
0.00063665584,-0.3171165,-0.5608683,0.0030410737
0.004881222,-0.30550683,-0.53560394,-0.0017715842
0.0038274713,-0.3089955,-0.5425734,-0.002319768
0.0030819364,-0.31597012,-0.5623087,0.0118058175
0.0038091727,-0.31293917,-0.5548864,0.008306518
0.0047106333,-0.315484,-0.5629954,0.01611127
0.0037113018,-0.31113106,-0.5502568,0.0057476014
0.008400876,-0.31003767,-0.56044173,0.034031883
0.0042693205,-0.3188913,-0.5718188,0.021276638
0.0022245236,-0.30736434,-0.5359724,-0.010850921
0.00402667,-0.30768818,-0.5391057,-0.003448978
0.0026008077,-0.31298792,-0.5495265,-0.003529951
0.00030292943,-0.31193465,-0.5430589,-0.014464483
0.0032201596,-0.3093686,-0.5384601,-0.012441114
0.0020024367,-0.31252497,-0.54621977,-0.009041861
0.0033537932,-0.31283176,-0.55295867,0.004464522
0.0020349212,-0.3118806,-0.5462653,-0.0065671653
0.0045670457,-0.32461053,-0.5903962,0.038356647
0.002535779,-0.3040412,-0.5262874,-0.018066421
0.0045408793,-0.3063321,-0.53940576,0.0017049164
0.0009412952,-0.31015843,-0.5374431,-0.018953845
0.004523892,-0.3138895,-0.5579279,0.011485115
0.004216511,-0.30476522,-0.5362448,0.0009495765
0.0009888597,-0.31148565,-0.5412329,-0.016074374
0.00316431,-0.30956727,-0.54261523,-0.00474222
0.00028933957,-0.3158967,-0.5544422,-0.0058133155
0.0019853897,-0.31568432,-0.5613028,0.0100685805
0.005679149,-0.31625962,-0.5724679,0.033180818
0.004996974,-0.315772,-0.5642841,0.017851755
-0.0031067543,-0.31880164,-0.5577376,-0.012036428
-0.00085185096,-0.31663036,-0.55295557,-0.012287453
0.001871068,-0.31738603,-0.5637385,0.008721307
0.009372551,-0.31579113,-0.57443833,0.041403428
0.0017532893,-0.31539404,-0.5551733,-0.00149028
-0.0043474846,-0.32066512,-0.55980664,-0.015475884
0.016326446,-0.32801956,-0.62701005,0.108326316
0.0025724955,-0.3182811,-0.56956536,0.017824546
0.003988523,-0.31638247,-0.56548077,0.017370358
0.004516918,-0.3078497,-0.5436198,0.00447841
0.00034179166,-0.31517935,-0.55340475,-0.0052487105
0.0072048493,-0.31516445,-0.57041353,0.03404428
0.0047972985,-0.3089038,-0.5430679,-0.00029028952
0.0036542006,-0.30953002,-0.54239,-0.0047166497
0.0052224584,-0.32545668,-0.59910125,0.05340402
0.0020870753,-0.30526012,-0.53295463,-0.009217486
0.005212743,-0.30915743,-0.547162,0.0073707253
0.0038587637,-0.31796014,-0.5696804,0.020051137
0.00027002767,-0.32168764,-0.5722652,0.00924696
0.00682332,-0.31048346,-0.5552381,0.020064935
0.007977862,-0.3119173,-0.5597802,0.024824455
0.0012381859,-0.31170326,-0.5462876,-0.00642322
0.0023138113,-0.3101958,-0.54378873,-0.0052369684
-0.000111263245,-0.31672233,-0.5576709,-0.0025370568
0.00346734,-0.30804324,-0.53651744,-0.011390045
0.0071758814,-0.32676405,-0.6051139,0.062186167
0.0030955262,-0.30861735,-0.5384147,-0.009879455
0.0019388385,-0.3186398,-0.5664438,0.009691253
0.0005269833,-0.31872898,-0.56317955,0.0017655045
0.0004474111,-0.31048095,-0.5370969,-0.021173015
0.0036751218,-0.31124604,-0.54955596,0.0037229508
0.006894607,-0.31942886,-0.5784594,0.03459795
0.0036735125,-0.3166498,-0.56402665,0.013228431
-2.9485673e-05,-0.31964362,-0.5656187,0.0030066222
0.004152257,-0.30677146,-0.53929895,-0.0005699247
0.00347789,-0.32055974,-0.57733196,0.025851086
0.0015766211,-0.30451465,-0.5290647,-0.014557943
0.0031265803,-0.3082769,-0.5369653,-0.011572465
-0.0015722923,-0.3141377,-0.5429254,-0.024064168
0.011486787,-0.31311744,-0.5709055,0.04547222
0.008437116,-0.3104614,-0.5556076,0.022034869
0.0031274147,-0.31205934,-0.54808664,-0.0027809292
0.0050878115,-0.3111263,-0.5499605,0.005806163
0.00061394647,-0.31777835,-0.55987847,-0.0014116317
0.00077809766,-0.312146,-0.5441248,-0.0126811415
0.0115221925,-0.3235553,-0.6039786,0.07454418
0.001672525,-0.31256068,-0.547332,-0.0071093887
0.008323628,-0.3126573,-0.56748587,0.037996426
0.0019139238,-0.31143266,-0.544711,-0.008176163
0.0045725293,-0.31521624,-0.5617136,0.014364168
0.0004258938,-0.315861,-0.5572277,0.000103101134
0.0055688806,-0.30102026,-0.52760226,-0.0003479272
0.011971254,-0.3201666,-0.59421843,0.06740187
0.005861897,-0.32174498,-0.5878666,0.0445555
0.0020089932,-0.32513058,-0.58715725,0.028127298
0.0048003383,-0.31444472,-0.55957645,0.013007268
-0.0023947768,-0.31645024,-0.5483883,-0.021965101
0.0032105632,-0.31817526,-0.56923515,0.017917767
0.0038086958,-0.31304705,-0.55408293,0.0062600225
0.0016057082,-0.30937117,-0.53900796,-0.012438372
0.004948098,-0.31424916,-0.56119174,0.01709406
0.0041368194,-0.32016587,-0.5775241,0.028127119
0.007095415,-0.31258255,-0.563904,0.030191377
0.0025088973,-0.3116312,-0.54769576,-0.00243859
0.0031999536,-0.3168106,-0.56248313,0.009173885
0.010687489,-0.31450337,-0.5770227,0.052246645
0.0049855895,-0.31595087,-0.5645384,0.017709538
0.0016686507,-0.31060654,-0.54264134,-0.0094935745
0.007741172,-0.31675786,-0.5724824,0.03278227
0.0049056597,-0.3029096,-0.5294575,-0.005467728
0.0061764307,-0.31270307,-0.56143147,0.024186745
0.0060048886,-0.3182485,-0.5770973,0.03553559
0.0037372895,-0.32323027,-0.5848696,0.031593755
-0.0015086941,-0.31146318,-0.537153,-0.025892839
0.00015028194,-0.3174569,-0.55958396,-0.0011547357
0.0017260499,-0.31370938,-0.55088073,-0.0040841848
0.013610978,-0.3174774,-0.58892524,0.06756617
0.011589486,-0.31578904,-0.57754767,0.04925506
-0.0015680604,-0.31578785,-0.54911274,-0.017512187
0.0077448674,-0.31084293,-0.556426,0.021750942
-0.0011092238,-0.3104803,-0.5327908,-0.03099139
0.007962007,-0.31209713,-0.5600483,0.024684861
0.002634067,-0.3054461,-0.53004235,-0.015291646
0.0034570284,-0.30953074,-0.5462965,0.0031338483
0.002005536,-0.31039274,-0.54128814,-0.01128079
-0.004363697,-0.32297665,-0.5649993,-0.013377652
0.0026434846,-0.3092156,-0.5388797,-0.010530248
0.0011887737,-0.30863702,-0.5361938,-0.015781596
0.004925985,-0.32197654,-0.58463985,0.036514506
0.008841474,-0.30854744,-0.55663955,0.03140892
0.0035739131,-0.3138011,-0.55715394,0.009592518
0.0071416087,-0.32138658,-0.5898303,0.050729945
0.010684628,-0.31035364,-0.55777097,0.029705688
0.012888212,-0.32726914,-0.62227005,0.099103674
0.00063451007,-0.31935638,-0.5649929,0.0032328218
0.00039293244,-0.31283057,-0.54525447,-0.013209954
0.009377856,-0.31968027,-0.5847423,0.048145488
0.0026856847,-0.3080783,-0.5348869,-0.015348449
0.00511517,-0.30989486,-0.55210125,0.014647201
0.0033150502,-0.30263138,-0.525831,-0.013070241
0.004389841,-0.3155566,-0.5622502,0.014093891
0.0040512867,-0.30759805,-0.5443576,0.006633863
-2.0544976e-05,-0.3106407,-0.53553873,-0.025230601
0.0020215698,-0.30256993,-0.5239482,-0.017047897
0.0047003813,-0.3096217,-0.54891974,0.008957848
0.014168579,-0.3294537,-0.62685513,0.10130127
0.003407199,-0.31232947,-0.5503096,0.0009354204
0.0013480969,-0.32193857,-0.5751548,0.014939293
-0.0047547035,-0.32381958,-0.56728476,-0.012079284
0.0021511503,-0.30998272,-0.5445181,-0.003099963
0.0027047582,-0.3076051,-0.5398808,-0.0032286793
0.0046768375,-0.31930393,-0.5770739,0.030765995
0.0023178048,-0.31408542,-0.5540954,0.0015058964
0.005034644,-0.32832164,-0.6031895,0.05113201
-0.00198571,-0.3189252,-0.55753416,-0.0121374875
0.0036286302,-0.3129946,-0.555999,0.010230646
0.0076192804,-0.3180496,-0.57724226,0.037654147
0.0056528635,-0.31533962,-0.5663162,0.024074122
0.00743844,-0.32769412,-0.6063313,0.06144671
0.00061484054,-0.31719017,-0.56195503,0.004951313
0.0024122782,-0.30917394,-0.53942895,-0.010318354
0.001613874,-0.3131714,-0.54919225,-0.005623415
0.009307105,-0.3126012,-0.5661104,0.03607352
0.001629252,-0.31803328,-0.5676346,0.014104977
0.00034518912,-0.31150377,-0.54146713,-0.016089454
0.0017450638,-0.31324476,-0.5511873,-0.0017509013
-0.0007074885,-0.31100178,-0.5372569,-0.023545757
0.004013557,-0.31396133,-0.5610681,0.017313525
0.006602604,-0.30377626,-0.538245,0.0113360435
0.008387167,-0.32214522,-0.59516627,0.059901133
0.008249123,-0.32721168,-0.6073223,0.06576033
0.0026360936,-0.31381732,-0.55554116,0.005646363
0.005448062,-0.31442535,-0.55932975,0.0130202025
0.0052398033,-0.31099927,-0.552591,0.011787698
0.0056602545,-0.3210066,-0.5810942,0.03335102
0.004860062,-0.30811524,-0.5409739,-0.0016294867
0.0042525716,-0.3191594,-0.5722,0.0210637
0.0070638843,-0.31139904,-0.5574332,0.02131088
0.0025231428,-0.30786514,-0.5356161,-0.013211325
0.003911454,-0.30866385,-0.540057,-0.006016448
0.004711587,-0.3204869,-0.58353394,0.039644107
0.007121343,-0.3142866,-0.5672823,0.03081356
0.0057743974,-0.31950122,-0.5779642,0.032576546
0.0038100071,-0.31199485,-0.5495716,0.0011552125
0.0072781034,-0.32400167,-0.5944325,0.050622687
0.0048290677,-0.31797558,-0.56936955,0.02003391
0.0021172352,-0.31256282,-0.55009323,-0.0012146682
0.005597193,-0.30801207,-0.54639274,0.010244027
0.0070124455,-0.32489973,-0.5996464,0.057769284
0.0036181398,-0.30614614,-0.53300864,-0.010152057
0.0027067252,-0.31335068,-0.5510133,-0.0018375069
0.006779451,-0.3244136,-0.5942114,0.04833202
0.0062441416,-0.30816966,-0.54637164,0.010108814
0.0017598458,-0.31356508,-0.54873174,-0.0079000145
0.004829485,-0.31074452,-0.54848206,0.0041238517
0.0063673444,-0.30157328,-0.532538,0.00725998
0.0016241856,-0.30695152,-0.53461397,-0.01249139
0.001991231,-0.3107491,-0.54177207,-0.011570528
0.0022379346,-0.30768472,-0.5335213,-0.016998753
0.002256889,-0.31628978,-0.5649077,0.015464053
0.0015989132,-0.3130476,-0.5509541,-0.0015960187
0.011006851,-0.3278222,-0.6159536,0.08295308
0.0010509081,-0.31243664,-0.5454513,-0.0109330565
0.0024284907,-0.30309874,-0.52371067,-0.019392148
0.0041896887,-0.30827677,-0.54333776,0.0021667928
0.0021332093,-0.31625384,-0.5610601,0.0076424032
-0.00021628663,-0.31241953,-0.5439213,-0.014845386
-0.0032030158,-0.31645185,-0.54866475,-0.021963462
0.004403431,-0.3134417,-0.55637324,0.009876236
0.0014277287,-0.31749105,-0.5601689,0.0007791966
0.0138321705,-0.32057804,-0.5980409,0.07493071
0.008700449,-0.31625652,-0.57530946,0.041032895
0.006322462,-0.3128506,-0.5597238,0.020162031
0.01612528,-0.32445395,-0.6181969,0.10329418
0.0018703528,-0.30797356,-0.53598785,-0.013295636
0.0019893236,-0.30842215,-0.537548,-0.011685982
0.008907158,-0.31546974,-0.57414913,0.04166113
0.0034393854,-0.3101223,-0.5442671,-0.0032192022
0.004924435,-0.3122605,-0.5583884,0.018665805
0.008202869,-0.31473297,-0.56946814,0.034382626
0.000297267,-0.31387115,-0.5486912,-0.010102376
0.0044229217,-0.308998,-0.5462482,0.005538419
0.00411262,-0.31254715,-0.5580929,0.016474232
0.0015523024,-0.3086142,-0.5340709,-0.019705936
0.00501414,-0.31111336,-0.55577403,0.017608687
0.014782507,-0.329579,-0.6287578,0.10512969
0.0037856884,-0.30931872,-0.5449671,0.0013514906
0.011392254,-0.3265689,-0.61598724,0.08787283
0.008317132,-0.31313896,-0.56622815,0.033683434
0.0077027865,-0.3300795,-0.6144362,0.06938209
0.0010405965,-0.31589836,-0.55901724,0.004005298
0.008568186,-0.31987816,-0.5843294,0.04602699
0.00684293,-0.31625593,-0.56917566,0.02728723
0.0039410777,-0.3136388,-0.5544814,0.0056594163
0.00084729865,-0.32030755,-0.5701244,0.0103376955
0.006930489,-0.3164565,-0.57426435,0.036953554
0.0029563494,-0.31426412,-0.55318135,-0.00059725344
0.007859964,-0.32825035,-0.6089102,0.064936325
0.0013427325,-0.31272328,-0.5467221,-0.009196296
0.0043294616,-0.31645232,-0.56353277,0.013384804
0.011767942,-0.31679708,-0.5847179,0.06024979
0.0045384355,-0.3119706,-0.551354,0.005145356
0.008322317,-0.3243974,-0.59947187,0.060131058
0.0059578605,-0.30757803,-0.54657984,0.012536153
0.010301609,-0.310292,-0.56135225,0.037505224
-0.0020672493,-0.31600374,-0.5495854,-0.017681345
0.0010249801,-0.30801302,-0.5392273,-0.007429555
0.0076361485,-0.3139984,-0.5657386,0.029075846
0.0025518723,-0.3117413,-0.55054027,0.003303066
0.0061045475,-0.32314068,-0.58878076,0.04148315
0.005012829,-0.30211252,-0.527237,-0.006833628
0.0069622584,-0.31311738,-0.5589175,0.017983869
0.0030199476,-0.3188014,-0.5692132,0.015456483
0.002974052,-0.3116293,-0.55039924,0.0034438819
0.004648406,-0.31772733,-0.5719808,0.026126042
0.004343707,-0.31568438,-0.5653503,0.019888893
0.008137245,-0.31204283,-0.5589493,0.022763833
0.0031919666,-0.31640095,-0.56480896,0.015393212
-0.0021310858,-0.31679243,-0.55168205,-0.016341582
0.003449995,-0.30857694,-0.5372331,-0.0118265
0.010231275,-0.3087468,-0.55938536,0.037152544
0.005743999,-0.31023294,-0.5523528,0.014373019
0.0036944933,-0.30842304,-0.5427733,9.767711e-05
0.0009916611,-0.30865747,-0.53918546,-0.009903327
0.008788485,-0.31386167,-0.56888723,0.036994204
0.0039730854,-0.30869293,-0.54499906,0.003814593
0.003775198,-0.3155195,-0.56046,0.010191217
0.0015173145,-0.31122488,-0.54250765,-0.011978015
0.011941869,-0.31265664,-0.5739983,0.05370523
0.0014377423,-0.31098694,-0.54617333,-0.003892824
0.0059403963,-0.3176899,-0.5714976,0.026153311
0.0025402494,-0.30933607,-0.5415448,-0.006518081
0.0021349378,-0.31433743,-0.5545222,0.001310423
0.0049289055,-0.31471437,-0.56088716,0.014760956
-0.00024519488,-0.31684595,-0.55498946,-0.008529529
0.0073211975,-0.3231786,-0.5942262,0.05323969
0.0043719597,-0.30887842,-0.5411645,-0.004224673
0.006167073,-0.31070048,-0.5548155,0.017936125
0.005958695,-0.30753917,-0.548408,0.016479746
0.004617173,-0.3166318,-0.5656214,0.01717098
0.0077437945,-0.32393074,-0.5961079,0.05460705
0.0024355836,-0.31259865,-0.5500416,-0.0012422949
0.0038255043,-0.30919224,-0.54188466,-0.0044399053
0.0017936416,-0.31496334,-0.5535874,-0.0031139106
0.009747524,-0.30475402,-0.55024666,0.034159973
0.005440194,-0.31062496,-0.54914516,0.0062051862
0.0043496676,-0.31227314,-0.5537383,0.008823112
0.005347628,-0.30755925,-0.54386276,0.006659016
0.002575118,-0.31656033,-0.5623322,0.009370849
0.0040410347,-0.31821907,-0.57083684,0.02177231
0.0060630627,-0.31580967,-0.5688154,0.027644798
0.0015928932,-0.316616,-0.563703,0.011293128
-4.1287392e-05,-0.31593257,-0.55555695,-0.0038805753
0.004692573,-0.31720787,-0.57027394,0.024574682
0.0039664693,-0.30763143,-0.5367374,-0.009099618
0.00079353526,-0.31159335,-0.5443296,-0.0102713555
0.0017566867,-0.31878388,-0.56767195,0.011541948
0.014124233,-0.3280378,-0.62294483,0.09849398
7.142499e-05,-0.31125188,-0.5383131,-0.02178128
0.001008708,-0.31838953,-0.5644755,0.005963877
0.012786347,-0.3126282,-0.5745338,0.055654243
0.011212427,-0.32353753,-0.6030908,0.07259439
0.0055831857,-0.31210917,-0.5528833,0.008878872
-7.371232e-05,-0.32201052,-0.5728334,0.008991286
0.00024672225,-0.32204586,-0.5727755,0.0089625865
0.0060779043,-0.30779976,-0.5474863,0.014213279
0.0013113804,-0.3111282,-0.54255503,-0.011861876
0.008571822,-0.32152855,-0.59051853,0.052579418
0.0038348623,-0.31062585,-0.5496661,0.0062022656
0.008580167,-0.30790085,-0.5548367,0.029952005
0.0020215698,-0.31078166,-0.5398558,-0.015532866
0.0032471009,-0.32142043,-0.57958764,0.02713482
0.0030419417,-0.3130101,-0.55138445,0.0003951043
0.0038670488,-0.3129468,-0.55380493,0.0062996596
0.0017584749,-0.3090673,-0.5414124,-0.006308511
0.0053570457,-0.3207029,-0.58076876,0.033592805
0.00451364,-0.3161115,-0.5629922,0.0136543065
0.01144715,-0.31900108,-0.5888961,0.06046988
0.0033102818,-0.313263,-0.55455416,0.006090209
0.0011917539,-0.316006,-0.55912465,0.003921494
0.0039106198,-0.3136564,-0.5568283,0.009703025
0.0044627376,-0.31293815,-0.5537061,0.0063431114
0.0033281632,-0.31288654,-0.55497396,0.00834991
0.01061793,-0.32148325,-0.599289,0.07221036
-0.0024744682,-0.31507176,-0.5474373,-0.018908873
0.0028523393,-0.31487584,-0.5598601,0.0107022375
0.0049684234,-0.3047167,-0.5388745,0.006897673
0.0005770512,-0.31453323,-0.549527,-0.0106283575
0.0038106628,-0.316437,-0.56658643,0.019292995
0.0074714012,-0.31639767,-0.5701221,0.029134825
0.002796013,-0.3098563,-0.5450832,-0.0010388643
0.0011825152,-0.3112507,-0.53985983,-0.017857239
0.0017598458,-0.3186949,-0.5675518,0.011614397
0.012282569,-0.31650913,-0.58317506,0.058512256
0.0038206168,-0.30908555,-0.5427025,-0.0023906678
0.0073304363,-0.30833036,-0.549125,0.015870884
0.0057372637,-0.31206197,-0.5587923,0.020782575
-0.00040362403,-0.31110948,-0.53827196,-0.0216669
0.0040035434,-0.31804967,-0.5707227,0.021943882
0.0055272765,-0.31071818,-0.5550396,0.017918631
0.002850432,-0.31344056,-0.55205745,5.5387616e-05
0.0047755428,-0.31091285,-0.54977304,0.005979106
0.0046492405,-0.31822693,-0.5697885,0.01983641
0.0066643544,-0.32561547,-0.5988406,0.05327432
0.0041644163,-0.3163277,-0.5643808,0.015449062
0.0032817908,-0.3103693,-0.5446224,-0.003429696
4.71659e-05,-0.31508934,-0.5514471,-0.009105161
0.004811544,-0.3061812,-0.5401836,0.0038272291
0.007211227,-0.30491662,-0.5449882,0.020426795
0.0046385117,-0.30722612,-0.54158133,0.0029554516
0.009869892,-0.3108787,-0.5603924,0.031473354
-0.00017337129,-0.31372792,-0.54863924,-0.009990439
0.019523341,-0.32180506,-0.61991805,0.11907922
-0.0003684573,-0.316487,-0.5535539,-0.010211602
0.0073133893,-0.32316077,-0.5951633,0.055216447
0.0042391606,-0.30553645,-0.53657967,-0.0015514046
0.004668612,-0.3079577,-0.5437272,0.004394576
0.001730103,-0.3095147,-0.5420485,-0.0066642314
0.00038494542,-0.3131165,-0.5446954,-0.015400752
0.0033825226,-0.31258023,-0.551629,0.0026989728
0.0024443455,-0.31057292,-0.54428846,-0.0055316538
0.0013924427,-0.31578922,-0.5568155,0.00016196072
0.0021520443,-0.31611204,-0.5589534,0.0038358122
-0.00014547631,-0.31386876,-0.5459248,-0.01599814
0.0026932545,-0.3069005,-0.5390261,-0.0026257187
0.009458382,-0.32375336,-0.601085,0.06653346
-0.0011585169,-0.31845874,-0.5575648,-0.009805813
0.0022062846,-0.30763298,-0.53635746,-0.011063382
-0.0011424832,-0.31206077,-0.54274726,-0.016527966
0.0062465854,-0.31147146,-0.5587613,0.023215517
0.0031994767,-0.30689836,-0.53692377,-0.006553784
0.0057740994,-0.31756568,-0.57234967,0.028218463
0.002484519,-0.31431735,-0.5524398,-0.0026056021
0.0076708384,-0.31679106,-0.57328194,0.034640953
0.0046464987,-0.3142295,-0.5602809,0.015139386
0.009967644,-0.32364297,-0.5997785,0.064649954
0.0007924028,-0.30770326,-0.53401494,-0.01701577
0.0016616769,-0.31051987,-0.54255,-0.009414986
0.0077488013,-0.31781942,-0.58073986,0.045695677
0.0021714158,-0.3104977,-0.54135317,-0.011373237
0.008466978,-0.30806696,-0.5486042,0.017793939
0.0019241162,-0.30736363,-0.53414196,-0.01477842
0.0070558973,-0.32680714,-0.60605496,0.06407444
0.0040025897,-0.30535424,-0.5326849,-0.007576391
0.00423475,-0.30306053,-0.5280505,-0.009485796
-0.0003442578,-0.31419295,-0.54742295,-0.014286563
0.0036824532,-0.3070591,-0.5360251,-0.008645758
0.007653732,-0.3138185,-0.5654664,0.029214188
0.005276341,-0.3157189,-0.56891996,0.027708039
0.0033282824,-0.30933017,-0.5460149,0.0032787174
0.0025791116,-0.31313026,-0.5516421,0.00027869642
0.003554184,-0.3053062,-0.5334253,-0.0073157996
-0.0011105947,-0.31376356,-0.5461093,-0.015909389
-0.00022069737,-0.3162915,-0.55516905,-0.0061251074
-0.0018238835,-0.3225292,-0.56931823,-0.0012394935
0.002018232,-0.3102134,-0.5410295,-0.011139408
0.00054057315,-0.3166141,-0.5573012,-0.0024526268
0.007040996,-0.31534356,-0.56975883,0.03193946
0.0021003075,-0.32050407,-0.5719171,0.014109477
0.003737349,-0.30296105,-0.52775633,-0.009513512
0.0066831894,-0.3233919,-0.59375244,0.05110021
0.0022960491,-0.3048842,-0.52948457,-0.014805093
0.004036505,-0.31770927,-0.56926805,0.02024968
-0.0010881238,-0.31379777,-0.5442149,-0.019867048
0.00077416375,-0.32292616,-0.5786697,0.018088326
0.00249793,-0.31200624,-0.5472556,-0.0047023445
-0.0010465793,-0.3131709,-0.5433189,-0.019370422
0.0053699203,-0.3088109,-0.54443717,0.0036303848
0.00075979903,-0.31593245,-0.5552994,-0.0038786083
0.002819378,-0.31941056,-0.57013506,0.014973417
0.011486787,-0.31311744,-0.5709055,0.04547222
0.0037332363,-0.31216764,-0.550929,0.0030245632
0.0008965917,-0.31611198,-0.5564757,-0.0020553619
0.0036462732,-0.3134219,-0.5527306,0.0020331293
0.0069970675,-0.31412375,-0.5651553,0.027011082
0.005461056,-0.30820495,-0.54474443,0.0061508864
0.008362133,-0.3201844,-0.58676445,0.049715444
0.0052488633,-0.3111633,-0.5490133,0.0038188547
0.002931673,-0.31616592,-0.56070095,0.0077207834
-0.0005761795,-0.3243584,-0.5782394,0.011061922
0.006881196,-0.31453913,-0.56561434,0.02662675
0.0024208613,-0.31227833,-0.5524966,0.004906729
0.0068331547,-0.31652272,-0.56953806,0.027069852
0.005615849,-0.31959075,-0.5771843,0.03054355
0.004575271,-0.3172589,-0.5665192,0.016674742
0.005866129,-0.3063565,-0.5398535,0.0036106557
0.0044720955,-0.31265193,-0.5542622,0.008533403
0.013265509,-0.31593406,-0.5849082,0.06485079
-0.0007216744,-0.31311703,-0.54313684,-0.019327596
0.0048576184,-0.31404066,-0.56079996,0.017215833
0.0042504855,-0.32070327,-0.5792097,0.029665664
0.00042541698,-0.31268603,-0.54311043,-0.017024383
0.01788463,-0.317398,-0.597915,0.08919948
0.0065916963,-0.3111484,-0.55818987,0.023470238
-0.0021769814,-0.31711632,-0.5540877,-0.0126680285
0.008808989,-0.3243609,-0.599256,0.060158238
0.004605729,-0.31327415,-0.55600256,0.009985819
0.005162079,-0.313657,-0.5593166,0.015596613
0.0043062754,-0.31476712,-0.55923057,0.010788545
0.0032525249,-0.3086359,-0.53839594,-0.009892151
0.0015737601,-0.31205857,-0.54377276,-0.012601152
0.009163875,-0.3111446,-0.5582837,0.025430098
0.015825588,-0.31229907,-0.5797387,0.0696353
0.009318192,-0.31281412,-0.56447,0.031973734
-0.0027931742,-0.3137967,-0.53898865,-0.03165035
0.0032931753,-0.31138057,-0.55092734,0.0056116134
0.004834313,-0.3084848,-0.5452633,0.005902216
0.0032109804,-0.31837136,-0.5685404,0.01579611
0.0021851845,-0.31372815,-0.5526864,-0.00017036498
0.0045998283,-0.31883603,-0.5716215,0.021316513
0.005017001,-0.3185013,-0.5777907,0.035340145
0.005225558,-0.31334895,-0.55594504,0.0099401325
0.015282828,-0.31236625,-0.57919806,0.06766893
0.0068819113,-0.3157177,-0.5683981,0.02771081
0.0028307028,-0.3153413,-0.55956095,0.008370474
0.005280096,-0.31206244,-0.5560661,0.014895156
0.004812438,-0.31241852,-0.5538144,0.008715972
-9.642169e-05,-0.31684613,-0.5559085,-0.0065649003
0.004770059,-0.3112865,-0.5493177,0.0037121028
0.004263956,-0.31161165,-0.5490064,0.0015005022
0.0066963024,-0.31605864,-0.5689445,0.027442738
0.0050556846,-0.3101802,-0.5494296,0.008461282
0.003207881,-0.3129384,-0.55122703,0.00045149028
0.0017709918,-0.32249463,-0.5777289,0.018427804
0.006366808,-0.31323338,-0.55821,0.015893295
0.0013658591,-0.31206167,-0.5477102,-0.004744306
0.0041275807,-0.30926126,-0.54473615,0.0013843328
0.007305879,-0.3215115,-0.58898646,0.04866655
0.009069342,-0.31926984,-0.5852384,0.050437555
0.0017748661,-0.30901438,-0.5394241,-0.010188177
0.006341476,-0.31442887,-0.5648424,0.024807379
0.0048423,-0.30791146,-0.5394587,-0.003523007
0.0047605224,-0.30921733,-0.55013573,0.013164565
0.0062818117,-0.32288957,-0.5883685,0.04168193
0.013765652,-0.3157758,-0.5831999,0.06289171
0.0025509782,-0.3134396,-0.5502235,-0.003872469
0.004050333,-0.31220353,-0.55088013,0.0029974729
0.004337508,-0.31264853,-0.55330366,0.0065604
-1.661107e-05,-0.31035578,-0.53610957,-0.023037449
0.003844101,-0.32007527,-0.57556194,0.024269715
0.0016161986,-0.31347466,-0.5476873,-0.00979273
0.012451608,-0.31828356,-0.5885155,0.06300028
0.004399199,-0.3112917,-0.5523778,0.00961335
0.006802339,-0.3129037,-0.5596395,0.020119295
0.008397717,-0.31177527,-0.55830103,0.022913143
0.0027774163,-0.31614703,-0.56071335,0.00773187
0.00069602206,-0.31293827,-0.5462732,-0.01133053
-0.0009407811,-0.31766987,-0.5563723,-0.009184316
0.00972094,-0.31537884,-0.5737459,0.041730627
0.004801709,-0.30697834,-0.54121095,0.0031626374
0.0012776442,-0.313708,-0.54812974,-0.009976491
0.0010313578,-0.3086192,-0.5362143,-0.01576911
0.005284507,-0.31089073,-0.54857904,0.0040215105
5.3364784e-05,-0.31306416,-0.5457007,-0.013392881
0.0019816943,-0.31249028,-0.5481102,-0.0050845295
0.0020091124,-0.31980455,-0.56902975,0.010734245
0.002596695,-0.31028837,-0.54577905,-0.0013738126
0.0022761412,-0.30867112,-0.5406656,-0.0060011894
0.004257817,-0.31509155,-0.56164414,0.014463946
0.010292131,-0.3304587,-0.6247288,0.09068738
0.007334728,-0.31612957,-0.56883436,0.027386323
0.005489785,-0.31553805,-0.56474495,0.019996986
0.0023949333,-0.31885487,-0.56756437,0.0114858
0.0038948841,-0.31166583,-0.5540021,0.011270329
0.0024352856,-0.31105494,-0.54303783,-0.009843186
0.0032299943,-0.3143199,-0.55703026,0.0072161704
0.0036500879,-0.31252927,-0.5562983,0.012562379
0.0032620616,-0.31019652,-0.54445565,-0.0032689422
0.007539708,-0.32647568,-0.6026564,0.058485076
0.0109474845,-0.31241655,-0.56526697,0.036204442
0.0009135194,-0.3136928,-0.5520859,-0.0021074265
0.007848043,-0.31379873,-0.56248254,0.023337498
0.0025286265,-0.30757964,-0.5361838,-0.011018738
0.0044874735,-0.30329722,-0.53217983,-0.0018090159
0.003853757,-0.3182453,-0.56911254,0.01785849
0.002684135,-0.3210777,-0.5744602,0.017582908
0.0013414212,-0.31629103,-0.5594592,0.003690049
0.0027662106,-0.31245488,-0.5497315,-0.0011281222
0.01644208,-0.31384838,-0.587182,0.08008443
-0.0007962398,-0.31408453,-0.5454873,-0.018130109
0.007271666,-0.32224423,-0.5890555,0.046118543
0.0064069815,-0.30762595,-0.54583734,0.012274936
0.007627446,-0.3200029,-0.58192116,0.04003592
0.0009617992,-0.31686658,-0.5613782,0.0052048713
0.0010504313,-0.31058937,-0.5399464,-0.015366003
0.00066270307,-0.31532246,-0.55254096,-0.007324502
-0.0019491725,-0.3165406,-0.5512592,-0.016145036
0.0062539764,-0.30809873,-0.5453163,0.008204982
0.011000115,-0.31899947,-0.5861425,0.05457641
0.0031585284,-0.3077709,-0.53906614,-0.005302444
0.0062996335,-0.30436754,-0.53977555,0.011069462
0.0020612665,-0.30784696,-0.5338188,-0.017123565
0.012453157,-0.309067,-0.56006634,0.03886114
0.005935747,-0.31719106,-0.5737016,0.032445088
0.003177721,-0.30869222,-0.54523844,0.0038087815
0.0018378086,-0.3101613,-0.5429469,-0.0071686953
9.46708e-05,-0.3201989,-0.5663595,0.0025666207
0.0003781505,-0.31754935,-0.559473,-0.0012840778
-5.2265823e-06,-0.31754607,-0.5587955,-0.0031898469
0.001617033,-0.31501806,-0.5546896,-0.0011919588
0.002759356,-0.31632763,-0.56098557,0.0075933784
0.0018280335,-0.31284434,-0.54764944,-0.0073444396
0.0064015575,-0.3157724,-0.5676809,0.025707409
0.0066228695,-0.3184811,-0.5781837,0.037314758
0.0064472742,-0.3082584,-0.5525309,0.023569033
0.0031160302,-0.31745714,-0.5672731,0.016516611
0.0031815954,-0.30560452,-0.5312199,-0.013395831
0.007918019,-0.31446403,-0.5672605,0.030669585
0.004966695,-0.3120256,-0.55610406,0.014919773
5.6345016e-05,-0.311324,-0.539383,-0.019874528
0.008036334,-0.3150009,-0.5689325,0.03220524
0.0012706108,-0.30971134,-0.5386359,-0.014671132
0.005170066,-0.30743742,-0.5447455,0.008730397
0.004474718,-0.30961442,-0.54218835,-0.004800692
0.007046301,-0.3087405,-0.55340666,0.023319647
0.0012972541,-0.3128512,-0.5498211,-0.0034015924
0.00883599,-0.3167404,-0.57499105,0.038688347
0.002343256,-0.30585802,-0.5328304,-0.0116276
0.007198233,-0.31001633,-0.55252737,0.01650612
-0.0017464571,-0.31553912,-0.5517179,-0.011421397
0.0031604953,-0.31724095,-0.5640671,0.0107970685
0.0053473897,-0.31564373,-0.5630033,0.015981928
0.008569557,-0.330922,-0.6191937,0.07657044
0.0031076856,-0.3156116,-0.5617901,0.012088075
0.0024461336,-0.314659,-0.553909,-0.0009084791
0.005379338,-0.30680746,-0.5447138,0.011180267
0.0077105947,-0.3114683,-0.55730057,0.021249428
-0.0009508543,-0.3098026,-0.53565127,-0.022594586
0.008716304,-0.3309229,-0.620117,0.07853608
0.0056246705,-0.31706566,-0.5736234,0.032543316
0.0040951557,-0.31322718,-0.5561752,0.010046735
0.005089123,-0.31093,-0.550651,0.007926568
0.00451817,-0.30996186,-0.54945636,0.008687541
0.0014980026,-0.31233048,-0.5490109,-0.0029928237
0.006038148,-0.32056922,-0.5812306,0.03563191
0.0028013773,-0.30987465,-0.54415244,-0.0030144006
0.008458454,-0.32099044,-0.5888322,0.051040813
0.0018229671,-0.31021392,-0.5449316,-0.0032895356
0.0038237162,-0.3111279,-0.5475072,-8.024275e-05
0.0008757897,-0.31249088,-0.546549,-0.009011939
0.0022255965,-0.31842744,-0.5699212,0.017720565
-0.0017800145,-0.31637967,-0.5509819,-0.01601629
0.005800683,-0.3136202,-0.56001186,0.0175872
0.009345073,-0.31275928,-0.56245095,0.028087392
0.002878625,-0.3151245,-0.5563452,0.0026488155
0.002960045,-0.31202412,-0.54905194,-0.0007901639
0.009815831,-0.3217076,-0.5932511,0.058328584
0.00477447,-0.31460714,-0.5607887,0.014846221
0.004631359,-0.31247383,-0.55493003,0.0106407255
0.0034953542,-0.30757648,-0.5367978,-0.009061888
0.0064193197,-0.3138526,-0.5610966,0.019365892
0.00050600246,-0.31695503,-0.55875915,-0.00075764954
-0.0017210655,-0.31394118,-0.5426993,-0.023907527
0.005649645,-0.3018219,-0.5313762,0.0031955987
0.00026078895,-0.3161481,-0.555772,-0.0040477365
0.0066160746,-0.31537616,-0.5651101,0.022088781
0.0029325075,-0.3161657,-0.56069785,0.0077201575
0.0011068173,-0.3083775,-0.5338344,-0.019535199
0.0015354939,-0.3155756,-0.55935985,0.0062234253
0.004071016,-0.3098716,-0.5465898,0.0028686374
0.0022300668,-0.31853437,-0.5691038,0.015670642
0.0025550313,-0.3132426,-0.55090547,-0.0017536134
0.007120747,-0.3105538,-0.55810314,0.025891826
0.0022356696,-0.3117522,-0.5440677,-0.010401264
0.0019293018,-0.31136066,-0.543641,-0.010082915
0.008764882,-0.3082174,-0.55323976,0.025754914
0.00092693046,-0.315468,-0.55652577,0.00041984022
0.0038806982,-0.31421155,-0.55666333,0.0073017925
0.0018562861,-0.31232792,-0.54598695,-0.008886293
0.0076243468,-0.31461924,-0.5665484,0.02856119
0.006455917,-0.30949092,-0.54560024,0.0049201995
0.0012526102,-0.31006873,-0.539131,-0.014958575
0.0028343983,-0.31864268,-0.5719487,0.021476999
9.495765e-06,-0.3099972,-0.535592,-0.022754714
0.0034713335,-0.31173706,-0.5475188,-0.002525732
0.002510149,-0.31734902,-0.56443244,0.010711566
0.010313887,-0.31204075,-0.56686014,0.040425643
0.007278044,-0.31078738,-0.5564725,0.021785662
0.0044357963,-0.311323,-0.55044097,0.005646929
0.0016856976,-0.30655527,-0.53113604,-0.018072084
-0.00053499267,-0.31462318,-0.54809487,-0.014626488
-0.0006072335,-0.31121922,-0.5413932,-0.015859023
0.005354006,-0.3190521,-0.57457894,0.027040228
0.0067038722,-0.31447494,-0.5637494,0.022781327
0.0044582672,-0.31109196,-0.54821306,0.0019126981
0.0048651285,-0.3155027,-0.5629836,0.016100481
0.007878859,-0.30738956,-0.5523103,0.026392654
0.0044531412,-0.31077015,-0.5506412,0.008055702
0.00851186,-0.32590312,-0.6044225,0.06483053
0.00033004954,-0.31546628,-0.5528558,-0.0074374527
0.0012356825,-0.3098566,-0.5407886,-0.010855004
-9.862706e-05,-0.31121683,-0.53928584,-0.019788757
0.009973604,-0.31618428,-0.57671136,0.045015916
-0.00040022656,-0.30828166,-0.53622395,-0.0154963285
0.0033613034,-0.3145889,-0.55833185,0.0089677125
0.009293336,-0.31830275,-0.58380514,0.0512044
0.0021095462,-0.31110913,-0.5432226,-0.009885624
0.0023709722,-0.31736606,-0.56257087,0.0067689866
0.00031431392,-0.3155384,-0.5539275,-0.0055303127
0.009479899,-0.30950183,-0.55764145,0.030607834
0.004417736,-0.31326205,-0.55610955,0.010016367
0.001785595,-0.31494582,-0.55452496,-0.0011372417
0.003520865,-0.31460655,-0.55830556,0.008953914
-0.0003415756,-0.31777883,-0.55923206,-0.003374979
0.0058779903,-0.32943428,-0.60834545,0.058110163
6.987527e-05,-0.3108409,-0.5406191,-0.0155659765
0.0047552176,-0.31283283,-0.55636424,0.012322441
0.0024659224,-0.31612945,-0.55982876,0.0057828277
0.0032701083,-0.31582475,-0.5610626,0.009951398
0.0046123452,-0.30910605,-0.54307187,-0.00056551397
0.003740687,-0.3230337,-0.5855525,0.03371279
0.010980684,-0.30631018,-0.55510366,0.03887911
0.009791452,-0.3060094,-0.5475854,0.025120929
0.0037642904,-0.30254453,-0.52846915,-0.0071038157
0.0022001453,-0.31159377,-0.54772,-0.002416864
0.0081672855,-0.328269,-0.6098042,0.066887245
0.0024584718,-0.3107854,-0.54263896,-0.009633526
0.008288164,-0.3191085,-0.58429927,0.04860027
0.004593868,-0.3069508,-0.5422908,0.005177602
-0.0006816797,-0.32179546,-0.5708024,0.0052340776
-0.001390677,-0.31688428,-0.5563985,-0.0065909475
0.0031470247,-0.3087945,-0.54226166,-0.0022452623
-0.0019138865,-0.3254159,-0.57824343,0.0062976032
0.0036617108,-0.30919713,-0.54947025,0.01120539
0.0027259178,-0.30695194,-0.5361863,-0.008561805
0.00036986545,-0.3109492,-0.54164666,-0.013684824
0.001957316,-0.30876255,-0.5389994,-0.009992287
0.00014634803,-0.3138516,-0.5486938,-0.010093674
0.003227789,-0.3145163,-0.55634326,0.005096361
0.0054681487,-0.30551124,-0.5377907,0.002302751
0.0023000427,-0.321831,-0.5766162,0.018951789
0.0023864098,-0.30725467,-0.5376579,-0.0068474263
0.003613133,-0.30713326,-0.541938,0.0030798763
0.015190858,-0.31284547,-0.5806145,0.069168225
0.0041942783,-0.3063407,-0.5377077,-0.002195105
0.0004345961,-0.31026828,-0.5387426,-0.017072037
0.010875661,-0.3146618,-0.5742796,0.04622464
0.0007744618,-0.31575263,-0.5550352,-0.0037382394
0.0042017885,-0.30651593,-0.5379086,-0.002348408
0.0034520216,-0.3097664,-0.5437863,-0.0029288083
0.002235312,-0.30962086,-0.5391453,-0.012638673
0.0042073317,-0.30793947,-0.5419275,0.00048188865
0.004850168,-0.313424,-0.56004447,0.017741755
0.004042525,-0.3176195,-0.5691405,0.020320758
0.0065897293,-0.31747448,-0.5719401,0.028286204
0.0037713833,-0.32482493,-0.5890303,0.034258142
0.0030095167,-0.31519777,-0.5583415,0.0065217167
0.006800074,-0.31229663,-0.5626414,0.028456613
0.004854519,-0.31159526,-0.5536106,0.0113337785
0.003614504,-0.31017584,-0.5423644,-0.007186994
0.00743087,-0.3127612,-0.56116587,0.024162069
0.008092362,-0.31217057,-0.5620455,0.02855806
0.0030566044,-0.3146776,-0.5566264,0.004968509
-0.0006662421,-0.31454992,-0.54609877,-0.01849915
0.0048233457,-0.30630594,-0.5384295,-0.000198856
0.0055749007,-0.30886978,-0.5447094,0.003670618
0.008711476,-0.31618547,-0.5742524,0.039128646
0.0066308565,-0.31326097,-0.5592287,0.017870232
0.0048157163,-0.30824286,-0.5440685,0.0041646212
0.009629685,-0.31046587,-0.5629526,0.03775002
0.00107022,-0.31032032,-0.5395555,-0.015154526
0.0025491305,-0.30729097,-0.5367068,-0.00883542
0.0022909828,-0.31609535,-0.56081635,0.0077783316
0.014162619,-0.32576066,-0.6158609,0.09243862
0.0023398586,-0.30655408,-0.52995545,-0.02003555
0.004213471,-0.30638635,-0.53959453,0.0016637892
-0.001126986,-0.31607503,-0.5513019,-0.013811067
0.0036225505,-0.31378043,-0.5532431,0.0017491132
0.0029362626,-0.31248987,-0.54876006,-0.0031202883
0.0036161728,-0.33208692,-0.6118723,0.05404897
0.0037163682,-0.3158071,-0.56473434,0.017817304
0.0039795227,-0.32219052,-0.5823586,0.030452147
0.004519064,-0.3084678,-0.5443916,0.003955975
0.00012661889,-0.31801128,-0.55940264,-0.0035597533
0.0028096624,-0.31028444,-0.5418265,-0.009233817
-0.001760345,-0.31571847,-0.5519798,-0.011561766
-0.00035927817,-0.3163082,-0.5533057,-0.010067925
0.015880127,-0.33140856,-0.63676375,0.11546703
0.005641062,-0.3118633,-0.5537299,0.011121318
0.0044624396,-0.31293845,-0.55370885,0.0063437074
0.0038197823,-0.30936992,-0.54212296,-0.0045855492
0.0007359572,-0.3102684,-0.5405708,-0.013144687
0.0063677616,-0.31233054,-0.55801266,0.018609598
0.01310249,-0.3231979,-0.6077736,0.08464643
0.00059177354,-0.31390327,-0.5533957,-0.00032930076
0.0056730695,-0.32256663,-0.5871449,0.039971873
0.0051588602,-0.30949116,-0.54641634,0.005051717
0.00093175843,-0.31381625,-0.55031425,-0.0061374754
0.003869135,-0.31419462,-0.557612,0.009280667
0.013491947,-0.32992065,-0.6277384,0.100933
0.004288394,-0.3162756,-0.5681162,0.02334483
0.005279977,-0.31808436,-0.5713094,0.023878172
0.004356224,-0.3098756,-0.54846394,0.0068051666
0.004972536,-0.31408685,-0.5599848,0.015256181
-0.00011257455,-0.31109267,-0.54104435,-0.015761748
0.0075587817,-0.299666,-0.527772,0.008201674
0.0046295114,-0.30858392,-0.54461545,0.0038963705
0.003655631,-0.31311613,-0.5542024,0.0061957985
0.0028577037,-0.31168008,-0.5466402,-0.004456833
0.0042515583,-0.31333387,-0.5562672,0.00996016
0.0028408952,-0.31107616,-0.5496844,0.003889218
0.0059564896,-0.32468313,-0.5948639,0.04811947
0.0015300103,-0.31227428,-0.5469777,-0.0068817586
0.010223407,-0.31505448,-0.57406765,0.043944344
0.0009310432,-0.32109708,-0.5731446,0.013642713
0.005546946,-0.31862164,-0.5739006,0.027378514
0.0058140345,-0.31354874,-0.55894643,0.015681252
0.0068456717,-0.32168883,-0.5864901,0.042632088
0.0042782016,-0.3105756,-0.5450567,-0.0017950982
-0.0011166148,-0.32161438,-0.5677902,-0.000517413
0.0037625618,-0.30974573,-0.54650337,0.0029648095
0.0054944344,-0.3170998,-0.5708197,0.026622996
0.0046679564,-0.31243628,-0.5519672,0.004776582
0.006914992,-0.3110947,-0.55801255,0.023514256
0.008207161,-0.31503564,-0.5679591,0.030212536
0.0077000447,-0.32629728,-0.603321,0.060591713
0.0016777702,-0.31092775,-0.5402011,-0.0156392
0.0036090203,-0.31326383,-0.55638796,0.010018483
0.005610306,-0.30654585,-0.5441502,0.0113471
-0.003856402,-0.3165605,-0.54903823,-0.022047237
0.0032034107,-0.30685925,-0.5387433,-0.0026121885
0.00462969,-0.30849558,-0.5445043,0.0039708167
0.0016683526,-0.31808347,-0.56477743,0.008165404
0.0019958206,-0.31655478,-0.5586122,0.0015033633
0.0027478524,-0.3079273,-0.53568333,-0.011603281
-0.0005531721,-0.31284875,-0.5436662,-0.01715137
-0.0010914616,-0.31155944,-0.5401041,-0.020056263
0.0036936589,-0.31220603,-0.55389947,0.008890167
0.010641534,-0.31324518,-0.57576984,0.055052474
0.0025319643,-0.3077361,-0.5373103,-0.009197697
0.004818339,-0.30980504,-0.55014896,0.010791972
0.0027817078,-0.31051642,-0.54407126,-0.00549601
0.003774006,-0.3074546,-0.54041046,-0.001102522
0.006184954,-0.31256336,-0.5593543,0.020386174
0.010896999,-0.31982636,-0.59120744,0.06178157
0.005188007,-0.32047176,-0.582432,0.037705705
0.0025097914,-0.30373138,-0.52559954,-0.017908797
3.2503158e-05,-0.31168222,-0.5398949,-0.020158485
0.008300383,-0.31390703,-0.5644172,0.027180776
0.0012014098,-0.31641555,-0.5567952,-0.0022986382
0.0052343793,-0.3092993,-0.5444637,0.0013665408
0.0017956086,-0.32233202,-0.5765211,0.016590133
0.013127167,-0.3197527,-0.5932506,0.06772713
0.0023064204,-0.3162192,-0.5590522,0.0037501603
0.0047108717,-0.33022243,-0.6088746,0.055521652
0.0023166128,-0.31021452,-0.54286575,-0.007210627
0.0053128786,-0.31026697,-0.5477212,0.004525706
0.0039879866,-0.3126881,-0.5544698,0.008504167
0.0064844675,-0.31830156,-0.5770121,0.035492882
-0.00022790954,-0.31473005,-0.5491004,-0.012749687
0.005933363,-0.31951898,-0.5779391,0.032563135
0.0029736944,-0.31175643,-0.54868007,-0.0005747825
0.0038909502,-0.3137291,-0.557911,0.011612579
0.0026600547,-0.31143522,-0.54930264,0.0016461462
0.004277725,-0.30897743,-0.5462348,0.0055437237
0.0019902177,-0.3142476,-0.55348104,-0.00058205426
0.00033171847,-0.32079196,-0.5709791,0.009954914
0.0017667003,-0.31308305,-0.5499882,-0.0035868734
0.010296602,-0.30392885,-0.54793924,0.0328487
0.0059661455,-0.31439626,-0.5697451,0.034655288
0.0077593513,-0.31073242,-0.55718833,0.023788705
0.005672056,-0.3090682,-0.5497707,0.013331011
0.0006195493,-0.31371033,-0.54932326,-0.008010849
0.0018150993,-0.3092022,-0.53861576,-0.012333229
0.0019159503,-0.30969292,-0.53839636,-0.014657095
0.001975853,-0.31994933,-0.57117814,0.0145493895
-9.171292e-05,-0.31247467,-0.5468513,-0.008996263
-0.0032337122,-0.31883544,-0.5549247,-0.017958894
0.012740154,-0.30845183,-0.56267005,0.04710661
-0.0016708784,-0.3164189,-0.55487114,-0.008185938
0.0051896162,-0.3056246,-0.538866,0.00413011
0.0014643259,-0.324323,-0.5823372,0.020909265
0.009754736,-0.31260276,-0.56886315,0.041966334
0.0029522367,-0.3140496,-0.55480283,0.003498897
-0.0016915612,-0.3188194,-0.5601863,-0.0061597675
0.0053879805,-0.30734408,-0.540667,0.0009415895
0.0037710257,-0.31173754,-0.54935056,0.0014021546
0.0075085945,-0.30971128,-0.55582696,0.024595752
0.009953875,-0.3288449,-0.6196645,0.086070165
0.00123455,-0.31209588,-0.5449104,-0.010663345
0.0044229813,-0.30917478,-0.5464695,0.0053890795
0.0077288337,-0.31320417,-0.5635597,0.027719006
0.001033444,-0.3106621,-0.5410211,-0.013458237
0.004573066,-0.3110028,-0.55380684,0.013758466
-0.0015737824,-0.31781292,-0.55485606,-0.013224617
0.0010305829,-0.3108585,-0.5403363,-0.015577599
0.0039066263,-0.3138529,-0.55614644,0.0075845867
0.0013833232,-0.30994558,-0.5418212,-0.008964255
0.006414432,-0.3189838,-0.57993066,0.038883016
0.0056353994,-0.31156045,-0.55524325,0.015292868
0.0013166256,-0.32393008,-0.58280176,0.023186669
0.006417174,-0.30205458,-0.5348938,0.0107278675
0.004436154,-0.31831932,-0.57385176,0.027622327
-0.00043062493,-0.3111648,-0.5402922,-0.017780915
0.0043745823,-0.31030267,-0.5451935,-0.0013926774
0.008134086,-0.31173986,-0.5604561,0.026933596
0.0041102953,-0.3094223,-0.54592305,0.0032177716
0.0030889101,-0.3144254,-0.55528474,0.003200367
-0.0014302544,-0.31596726,-0.55028456,-0.015690222
0.005488772,-0.3120401,-0.5530432,0.009009972
0.0041643567,-0.30870473,-0.54488134,0.0037815124
0.0025430508,-0.31168222,-0.54485226,-0.008375302
0.007995743,-0.31081176,-0.5547943,0.019629076
-0.0016136579,-0.31611168,-0.5515171,-0.013838664
-0.000752192,-0.32460922,-0.5786461,0.010861948
0.0033768602,-0.3107342,-0.5461387,-0.0017310828
0.0010219403,-0.31034136,-0.54346675,-0.007311359
0.002119977,-0.3184958,-0.5652172,0.007841185
0.0021078773,-0.31817526,-0.56766564,0.01398848
0.0038464256,-0.31044698,-0.54941124,0.0063444823
0.004537184,-0.30838436,-0.5395407,-0.0057672113
0.0060077496,-0.32233387,-0.586713,0.04015805
0.008579988,-0.32696074,-0.6078177,0.06792109
0.0034828372,-0.3129053,-0.5549603,0.008338556
0.013098199,-0.31959277,-0.596885,0.075708196
0.0028363653,-0.31914216,-0.5697538,0.01518707
0.007920105,-0.3109845,-0.55463284,0.017708376
0.0039022155,-0.31370753,-0.5587937,0.013577953
0.004306514,-0.30897152,-0.5461512,0.0055264384
0.016128857,-0.32619238,-0.62449735,0.10977222
0.0037638731,-0.3077411,-0.5398564,-0.0032923669
0.003449995,-0.31557345,-0.56064504,0.010149047
0.0030400343,-0.3092969,-0.54129225,-0.006498322
0.003735084,-0.30775803,-0.54371125,0.004539028
0.0050273724,-0.3115028,-0.5543508,0.013358757
0.0107213445,-0.31307173,-0.5728919,0.049393103
0.0047087856,-0.30965889,-0.54706603,0.005008444
0.0031479187,-0.31742013,-0.5643249,0.010655537
0.000852067,-0.31274122,-0.5478649,-0.007249072
-0.0005408339,-0.31247354,-0.544102,-0.01488851
0.002783794,-0.32351518,-0.5836342,0.027432933
-0.00067464635,-0.31288105,-0.54083914,-0.02307631
0.004052777,-0.30694604,-0.5337723,-0.012499586
0.003759522,-0.31161296,-0.5511032,0.005428031
0.002648253,-0.3067491,-0.53106964,-0.01823403
0.0042779036,-0.31656206,-0.56756514,0.021155402
0.0024653263,-0.3217591,-0.5764604,0.019008562
0.0018856116,-0.30567324,-0.534571,-0.0075791627
9.103492e-05,-0.30685788,-0.5301284,-0.022249386
-0.0011793785,-0.32201082,-0.5712713,0.005064115
0.0068595,-0.30976945,-0.554246,0.020639107
8.924678e-05,-0.32028818,-0.5664862,0.0024954528
0.0021116324,-0.30856574,-0.54059476,-0.0059099346
0.0059626885,-0.30946296,-0.55024165,0.01302214
0.0032776184,-0.3192333,-0.57263476,0.021009013
0.0018113442,-0.31982476,-0.57202345,0.0166132
0.006363947,-0.33296478,-0.62086403,0.07102381
0.002519507,-0.30917168,-0.5382078,-0.012354329
0.010004837,-0.30764043,-0.55466765,0.032021657
0.0023083277,-0.31039292,-0.54311055,-0.0073549002
0.003691692,-0.2998556,-0.5194834,-0.014929816
0.0046395846,-0.31238365,-0.554794,0.010710135
-0.0004934482,-0.3103903,-0.5362974,-0.023070797
0.0039131828,-0.31939298,-0.57264537,0.020880297
0.0019558854,-0.3167202,-0.5598622,0.0033500046
0.0015365668,-0.31005317,-0.5419242,-0.009048775
0.003048975,-0.3121857,-0.55596787,0.0128198415
0.003457982,-0.30752605,-0.5396502,-0.0031232089
0.0035730787,-0.3143893,-0.55507654,0.0032295138
0.0024965592,-0.3059845,-0.53201705,-0.013684347
0.0006223507,-0.3137095,-0.5493148,-0.008012697
0.0030290075,-0.32055855,-0.5745823,0.01995872
0.0032875128,-0.31157762,-0.5502494,0.0034938008
0.0072047897,-0.31566423,-0.56822187,0.027755156
0.003649015,-0.31681192,-0.5652336,0.015066162
0.004337389,-0.30675393,-0.53634065,-0.0064415187
0.004221577,-0.3128872,-0.5535379,0.006324604
0.010666925,-0.32999158,-0.62201846,0.08712904
0.004352648,-0.3062122,-0.5403183,0.0037827939
0.004029829,-0.31032187,-0.5472634,0.002520904
0.0041357465,-0.30374527,-0.52713066,-0.012312666
0.007242102,-0.31697387,-0.57295525,0.032612815
0.008199055,-0.32608157,-0.60284895,0.06076096
0.0036296435,-0.3165812,-0.5678127,0.021143064
0.014134068,-0.31404555,-0.58455616,0.07213837
0.008414585,-0.30912906,-0.5532608,0.022929236
0.0043391176,-0.3171211,-0.5731718,0.030539408
0.0046826787,-0.31942976,-0.57533664,0.026743427
-0.0009252243,-0.3079008,-0.52813107,-0.030912742
0.002659101,-0.3070811,-0.5323978,-0.016566202
-0.0009074621,-0.3129583,-0.5458756,-0.013306573
0.0031538196,-0.30976546,-0.5419515,-0.0068574697
0.0064831562,-0.32556337,-0.6007601,0.057245627
0.0040618964,-0.31228977,-0.55095917,0.0029162616
0.0011595078,-0.31102055,-0.5424496,-0.0117780715
0.013959963,-0.32817847,-0.6241228,0.100333855
0.006743867,-0.31699347,-0.5741184,0.03456439
0.008288462,-0.3194123,-0.5828005,0.04443194
0.0063189454,-0.3072021,-0.5440191,0.00891082
0.0075496025,-0.31668872,-0.5753475,0.038732186
0.0067746826,-0.3129586,-0.56166,0.024005607
0.0059015937,-0.3121671,-0.5588625,0.020691052
0.0030760355,-0.3021384,-0.5251013,-0.01271762
0.002754528,-0.30530602,-0.53367764,-0.0073188096
0.0025862642,-0.31657743,-0.56138486,0.007392183
0.00059838966,-0.31232846,-0.5435174,-0.014776096
0.0034414716,-0.3098566,-0.5454418,0.0007919222
0.011493463,-0.31469834,-0.5760598,0.050125048
0.009872694,-0.31159633,-0.5635322,0.034901008
0.0026335903,-0.3085996,-0.53661686,-0.0137922615
0.0047967024,-0.31181413,-0.55685455,0.01706104
0.001041729,-0.3255065,-0.5860734,0.023900852
0.006748993,-0.3058018,-0.5418723,0.010008708
0.008313019,-0.30983752,-0.5538406,0.02057685
0.0022169538,-0.30741543,-0.5379366,-0.0069763213
0.0053963847,-0.30904335,-0.5487848,0.011360988
0.013174672,-0.31131768,-0.56628865,0.048022315
0.0029547997,-0.30325323,-0.5296359,-0.0076974183
0.013166267,-0.32086587,-0.59867185,0.07470529
0.007045705,-0.3114717,-0.55851203,0.02321954
0.010531444,-0.31408978,-0.57148045,0.04268934
0.003522355,-0.31062776,-0.5478708,0.0022818297
0.004100401,-0.31148678,-0.5498487,0.0035634786
0.0036753602,-0.30704105,-0.5369612,-0.006669298
0.0013876744,-0.30790162,-0.53699607,-0.011278704
0.0006968565,-0.3203072,-0.5692117,0.0083744675
0.0012610741,-0.3117373,-0.5443909,-0.0103812665
0.0115753,-0.33051103,-0.62438095,0.09064576
0.008958954,-0.31390774,-0.57168514,0.042815313
0.004426915,-0.32617086,-0.59554225,0.04301606
0.0076587982,-0.3125499,-0.56255335,0.028200641
